ප්‍රත්‍යාස්ථතාව (Elasticity) යනු කුමක්ද?,බාහිර බලයක් යොදා විරූපණය කළ වස්තුවක එම බලය ඉවත් කළ විට නැවත මුල් පිහිටීමට පැමිණීමේ ගුණයයි.
අප්‍රත්‍යාස්ථ ද්‍රව්‍ය (Inelastic materials) ලෙස හඳුන්වන්නේ කුමන ද්‍රව්‍යද?,බාහිර බලයක් ඉවත් කළ විට නැවත තම මුල් හැඩය ලබාගත නොහැකි ද්‍රව්‍ය වේ.
ද්‍රව්‍යයක දැඩි බව (Hardness) යනු කුමන ආකාරයේ ගුණයක්ද?,ද්‍රව්‍යයක යාන්ත්‍රික ගුණයකි.
කම්බියක් ඇදීමේදී සිදුවන විරූපණය කුමන වර්ගයට අයත් වේද?,ඒකමාන විරූපණය (One-dimensional deformation).
වස්තුවක පරිමාව වෙනස් වීම හඳුන්වන විරූපණ වර්ගය කුමක්ද?,ත්‍රිමාන විරූපණය (Three-dimensional deformation).
හුක් නියමය (Hooke's Law) වලංගු වන්නේ කුමන සීමාව තුළ පමණද?,සමානුපාතික සීමාව (Proportional limit) තුළ පමණි.
හුක් නියමය ප්‍රකාශ කරන $F = ke$ සමීකරණයේ $k$ යනු කුමක්ද?,කම්බියේ බල නියතය (Force constant).
බල නියතයේ ($k$) $SI$ ඒකකය කුමක්ද?,$N m^{-1}$
කම්බියක ඇතිවන විතතිය ($e$) රඳා පවතින සාධක හතරක් සඳහන් කරන්න.,"කම්බියේ ද්‍රව්‍යය, යොදන බලය, හරස්කඩ වර්ගඵලය සහ මුල් දිග."
ප්‍රත්‍යාස්ථතා සීමාව (Elastic limit) යනු කුමක්ද?,වස්තුවක් මත යොදන බලය ඉවත් කළ විට එය නැවත මුල් දිගම ලබා ගන්නා උපරිම සීමාවයි.
ප්‍රත්‍යාස්ථතා මාපාංකය (Modulus of Elasticity) නිර්වචනය කරන්නේ කෙසේද?,ප්‍රත්‍යාස්ථ සීමාව තුළදී ප්‍රත්‍යාබලය හා වික්‍රියාව අතර අනුපාතය ලෙසයි.
ප්‍රත්‍යාබලය (Stress) යනු කුමක්ද?,ඒකක හරස්කඩ වර්ගඵලයක් මත ක්‍රියා කරන ආතති බලයයි.
ප්‍රත්‍යාබලය ගණනය කරන සමීකරණය කුමක්ද?,$\text{ප්‍රත්‍යාබලය} = \frac{F}{A}$
ප්‍රත්‍යාබලයේ $SI$ ඒකකය කුමක්ද?,$N m^{-2}$ හෝ $Pa$ (පැස්කල්).
වික්‍රියාව (Strain) යනු කුමක්ද?,වස්තුවක ඒකක දිගක සිදුවන විතතියයි.
වික්‍රියාව ගණනය කරන සමීකරණය කුමක්ද?,$\text{වික්‍රියාව} = \frac{e}{l}$
වික්‍රියාව සඳහා පවතින ඒකක මොනවාද?,එය අනුපාතයක් බැවින් ඒකක රහිත වේ.
යං මාපාංකය (Young's Modulus) යනු කුමක්ද?,ප්‍රත්‍යාස්ථ සීමාව තුළ ආතති ප්‍රත්‍යාබලය හා ආතති වික්‍රියාව අතර අනුපාතයයි.
යං මාපාංකය ($Y$) සඳහා වන සංකේතාත්මක සමීකරණය ලියන්න.,$Y = \frac{F/A}{e/l}$
යං මාපාංකයේ මාන (Dimensions) මොනවාද?,$ML^{-1}T^{-2}$
වානේ වල යං මාපාංකයේ අගය කොපමණද?,$2.0 \times 10^{11} N m^{-2}$
යං මාපාංකය ද්‍රව්‍යයේ ජ්‍යාමිතික හැඩය මත රඳා පවතීද?,"නැත, එය රඳා පවතින්නේ ද්‍රව්‍යයේ ස්වභාවය මත පමණි."
ප්‍රත්‍යාබල-වික්‍රියා ප්‍රස්ථාරයක සමානුපාතික සීමාව දක්වන ලක්ෂ්‍යය කුමක්ද?,$A$ ලක්ෂ්‍යය.
ප්‍රත්‍යාබල-වික්‍රියා ප්‍රස්ථාරයක අවනති ලක්ෂ්‍යය (Yield point) ලෙස හඳුන්වන්නේ කුමන ලක්ෂ්‍යයද?,$B$ ලක්ෂ්‍යය.
ප්‍රස්ථාරයක භේදක ප්‍රත්‍යාබලය (Breaking stress) යනු කුමක්ද?,කම්බියක් කැඩී යාමට පෙර ඔරොත්තු දෙන උපරිම ප්‍රත්‍යාබලයයි.
ප්‍රත්‍යාස්ථ සීමාවෙන් ඔබ්බට බලයක් යෙදූ විට වස්තුවක සිදුවන විරූපණය හඳුන්වන්නේ කුමන නමකින්ද?,සුප්ලාස්ටික් විරූපණය (Plastic deformation).
ස්ථිර විකෘතියක් (Permanent set) ලෙස ප්‍රස්ථාරයේ හඳුන්වන්නේ කුමක්ද?,ප්‍රත්‍යාස්ථ සීමාව ඉක්මවා බලය ඉවත් කළ විට ඉතිරි වන විතතියයි ($OE$ කොටස).
කම්බියක විතතිය මැනීමට ව'නියර් පරිමාණයක් භාවිතා කරන්නේ ඇයි?,විතතිය ඉතා කුඩා අගයක් බැවින් එය නිරවද්‍යව මැනීමටය.
යං මාපාංකය සෙවීමේ පරීක්ෂණයේදී සමාන කම්බි දෙකක් (P සහ Q) භාවිතා කරන්නේ ඇයි?,උෂ්ණත්ව වෙනස්වීම් නිසා සිදුවන ප්‍රසාරණ දෝෂ මගහරවා ගැනීමටය.
විතතිය ($e$) එදිරිව ස්කන්ධය ($m$) ප්‍රස්ථාරයක අනුක්‍රමණය සමාන වන්නේ කුමකටද?,$\frac{lg}{YA}$
ඇදි කම්බියක ගබඩා වී ඇති ප්‍රත්‍යාස්ථ විභව ශක්තිය ($U$) සෙවීමේ සමීකරණය කුමක්ද?,$U = \frac{1}{2}Fe$ (මෙහි $F$ යනු අවසාන බලයයි).
බලය ($F$) එදිරිව විතතිය ($e$) ප්‍රස්ථාරයේ ප්‍රස්ථාරය යට වර්ගඵලයෙන් දැක්වෙන්නේ කුමක්ද?,කම්බියේ ගබඩා වී ඇති ශක්තියයි.
දෙකෙළවරින් සවි කළ දණ්ඩක් රත් කළ විට ඇතිවන තෙරපුම් බලය සෙවීමේ සමීකරණය කුමක්ද?,$F = YA\alpha\theta$
තාපජ බල සමීකරණයේ $\alpha$ මගින් හඳුන්වන්නේ කුමක්ද?,ද්‍රව්‍යයේ රේඛීය ප්‍රසාරණතාව.
තාපජ බල සමීකරණයේ $\theta$ මගින් හඳුන්වන්නේ කුමක්ද?,උෂ්ණත්ව වෙනස.
පාලම් වල බාල්ක වල උඩ පැත්ත සහ යට පැත්ත පිළිවෙලින් ලක්වන ප්‍රත්‍යාබල වර්ග මොනවාද?,"උඩ පැත්ත සම්පීඩන ප්‍රත්‍යාබලයටත්, යට පැත්ත ආතති ප්‍රත්‍යාබලයටත් ලක් වේ."
ඉදි කිරීම් වලදී ආරුක්කු හැඩය භාවිතා කිරීමේ වාසිය කුමක්ද?,එය මත යෙදෙන බර නිසා ගඩොල් මත ඇති වන්නේ සම්පීඩන ප්‍රත්‍යාබලයක් පමණක් වීමයි.
යකඩ වලට වඩා කොන්ක්‍රීට් සහ ගඩොල් වල ඇති විශේෂත්වය කුමක්ද?,ඒවා ඉහළ සම්පීඩන ප්‍රත්‍යාබල වලට ඔරොත්තු දීමයි.
සංයුක්ත කම්බියක මුළු විතතිය ($e$) ගණනය කරන්නේ කෙසේද?,එක් එක් කම්බි කොටසේ විතතීන්ගේ එකතුවෙනි ($e = e_1 + e_2$).
යං මාපාංකය සෙවීමේ පරීක්ෂණයේදී කම්බියේ විෂ්කම්භය මැනීමට භාවිතා කරන උපකරණය කුමක්ද?,මයික්‍රොමීටර් ස්කුරුප්පු ආමානය.
කම්බියක් කැඩී යන අවස්ථාවේදී ප්‍රස්ථාරයේ එම ලක්ෂ්‍යය හඳුන්වන්නේ කුමන නමකින්ද?,භේදක ලක්ෂ්‍යය (Breaking point).
දෘඩ බව (Stiffness) වැඩි ද්‍රව්‍යයක ලක්ෂණය කුමක්ද?,කුඩා විරූපණයක් සඳහා විශාල බලයක් අවශ්‍ය වීමයි.
සම්පීඩන වික්‍රියාව (Compressive strain) යනු කුමක්ද?,සම්පීඩන බලයක් යටතේ වස්තුවක දිග අඩුවීම මුල් දිගෙන් බෙදූ විට ලැබෙන අගයයි.
බල නියතය ($k$) සහ යං මාපාංකය ($Y$) අතර සම්බන්ධතාවය කුමක්ද?,$k = \frac{AY}{l}$
යං මාපාංකය සෙවීමේ පරීක්ෂණයේදී කම්බියේ 'නැලි' (kinks) ඉවත් කළ යුත්තේ ඇයි?,නැලි තිබීම නිසා විතතිය නිවැරදිව මැනිය නොහැකි බැවිනි.
පරීක්ෂණයේදී බර වැඩි කරන විට මෙන්ම අඩු කරන විටද පාඨාංක ලබා ගන්නේ ඇයි?,ප්‍රත්‍යාස්ථ සීමාව ඉක්මවා ගොස් ඇත්දැයි පරීක්ෂා කිරීමටයි.
කම්බියක් කැඩීමට අවශ්‍ය බලය (Breaking force) රඳා පවතින්නේ කුමක් මතද?,හරස්කඩ වර්ගඵලය සහ ද්‍රව්‍යයේ ස්වභාවය මතයි.
ප්‍රත්‍යාස්ථතාව පිළිබඳ මුල්ම පරීක්ෂණ සිදු කරන ලද්දේ කවුරුන් විසින්ද?,ඉංග්‍රීසි ජාතික විද්‍යාඥ රොබට් හුක් (Robert Hooke) විසිනි.
යං මාපාංකය සෙවීමේදී භාවිත කරන මීටර් කොක්කක දිග සාමාන්‍යයෙන් කොපමණ විය යුතුද?,$4 m$ පමණ.
වික්‍රියාව ඒකක රහිත වීමට හේතුව කුමක්ද?,එය දිගවල් දෙකක ($e$ සහ $l$) අනුපාතයක් වීමයි.
භේදක ප්‍රත්‍යාබලය ද්‍රව්‍යයේ හරස්කඩ වර්ගඵලය මත රඳා පවතීද?,"නැත, එය ද්‍රව්‍යයට ආවේණික ගුණයකි."
තාපජ බලය නිසා ගබඩා වන ශක්තියට සමීකරණයක් ලියන්න.,$U = \frac{1}{2} (YA\alpha\theta) (l\alpha\theta)$
කම්බියක හරස්කඩ වර්ගඵලය $A$ සෙවීමට මනිනු ලබන රාශිය කුමක්ද?,කම්බියේ විෂ්කම්භය ($d$).
ද්‍රව්‍යයක තන්‍යතාව (Ductility) යනු කුමක්ද?,ද්‍රව්‍යයක් ඇද කම්බි සෑදිය හැකි ගුණයයි.
සමානුපාතික සීමාව තුළ $F-e$ ප්‍රස්ථාරයේ හැඩය කුමක්ද?,මුල් ලක්ෂ්‍යය හරහා යන සරල රේඛාවකි.