ග්‍රහලෝක වල චලිතය පිළිබඳ ඉලිප්සීය කක්ෂ සහ පරිභ්‍රමණ කාලාන්තර වාර්තා කරන ලද්දේ කිනම් විද්‍යාඥයා විසින්ද?,කෙප්ලර් විසින්.
විශ්වයේ පවතින ඕනෑම ස්කන්ධ දෙකක් අතර පවතින ආකර්ෂණ බලය හඳුන්වන නම කුමක්ද?,ගුරුත්වාකර්ෂණ බලය.
නිව්ටන් විසින් ගුරුත්වාකර්ෂණය පිළිබඳ නියමය ප්‍රකාශයට පත් කළ වර්ෂය කුමක්ද?,වර්ෂ 1666 දී.
නිව්ටන්ගේ සාර්වත්‍ර ගුරුත්වාකර්ෂණ නියමය ප්‍රකාශ කරන්න.,"විශ්වයේ ඕනෑම වස්තු දෙකක් අතර අන්‍යෝන්‍ය ආකර්ෂණ බලයක් ක්‍රියා කරන අතර, එම බලය ස්කන්ධවල ගුණිතයට අනුලෝමවත් දුරෙහි වර්ගයට ප්‍රතිලෝමවත් සමානුපාතික වේ."
ස්කන්ධ $M$ සහ $m$ වන වස්තු දෙකක් $r$ දුරකින් පවතින විට ඒවා අතර ගුරුත්වාකර්ෂණ බලය ($F$) සඳහා සමීකරණය කුමක්ද?,$F = G \frac{Mm}{r^2}$
සාර්වත්‍ර ගුරුත්වාකර්ෂණ නියතය ($G$) සඳහා සම්මත අගය ඒකක සහිතව සඳහන් කරන්න.,$G = 6.67 \times 10^{-11} \text{ N m}^2 \text{ kg}^{-2}$
ගුරුත්වාකර්ෂණ ක්ෂේත්‍රයක් යනු කුමක්ද?,ස්කන්ධයක් වටා ගුරුත්වාකර්ෂණ බල බලපාන ප්‍රදේශයයි.
ගුරුත්වාකර්ෂණ ක්ෂේත්‍ර තීව්‍රතාවය ($g$) යන්නෙහි අර්ථ දැක්වීම කුමක්ද?,ගුරුත්වාකර්ෂණ ක්ෂේත්‍රයක යම් ලක්ෂ්‍යයක තබන ලද ඒකක ස්කන්ධයක් මත ක්‍රියා කරන ගුරුත්වාකර්ෂණ බලයයි.
ගුරුත්වාකර්ෂණ ක්ෂේත්‍ර තීව්‍රතාවය ($g$) ගණනය කිරීමේ මූලික සමීකරණය කුමක්ද?,$g = \frac{F}{m}$
ගුරුත්වාකර්ෂණ ක්ෂේත්‍ර තීව්‍රතාවයේ ($g$) සම්මත ඒකකය කුමක්ද?,$\text{N kg}^{-1}$
ලක්ෂ්‍යමය ස්කන්ධයක ($M$) සිට $r$ දුරකදී ක්ෂේත්‍ර තීව්‍රතාවය ($g$) සඳහා සමීකරණය ලියන්න.,$g = G \frac{M}{r^2}$
ගුරුත්වාකර්ෂණ ක්ෂේත්‍ර තීව්‍රතාවය යනු _____ රාශියකි.,දෛශික
ලක්ෂ්‍යමය ස්කන්ධයක සිට දුර ($r$) වැඩි වන විට ක්ෂේත්‍ර තීව්‍රතාවය ($g$) විචලනය වන ආකාරය ප්‍රස්ථාරිකව දැක්වූ විට ලැබෙන හැඩය කුමක්ද?,බහුවලයික හැඩයකි.
ගෝලීය ස්කන්ධයක් පිටත පිහිටි ලක්ෂ්‍යයක තීව්‍රතාවය සෙවීමේදී මුළු ස්කන්ධය කොතැනක පිහිටා ඇතැයි උපකල්පනය කරයිද?,ගෝලයේ කේන්ද්‍රයේ.
ගෝලීය පෘෂ්ඨය මත හෝ පෘෂ්ඨයට ඉතා ආසන්නව ගුරුත්වාකර්ෂණ ක්ෂේත්‍ර තීව්‍රතාවය ($g$) සඳහා සමීකරණය කුමක්ද?,$g = G \frac{M}{R^2}$
ගුරුත්වාකර්ෂණ විභවය ($V$) යනු කුමක්ද?,අනන්තයේ සිට යම් ලක්ෂ්‍යයකට ඒකක ස්කන්ධයක් ගෙන ඒමේදී ක්ෂේත්‍රය මගින් සිදු කරනු ලබන කාර්යයයි.
ස්කන්ධයක සිට $r$ දුරකදී ගුරුත්වාකර්ෂණ විභවය ($V$) සඳහා සමීකරණය කුමක්ද?,$V = -G \frac{M}{r}$
ගුරුත්වාකර්ෂණ විභව ප්‍රකාශනයේ පවතින සෘණ ලකුණෙන් අදහස් වන්නේ කුමක්ද?,අදාළ කාර්යය ක්ෂේත්‍රයට එරෙහිව නොව ක්ෂේත්‍රය මගින්ම සිදු කරන බවයි.
ගුරුත්වාකර්ෂණ විභවය යනු _____ රාශියකි.,අදිශ
ගුරුත්වාකර්ෂණ ක්ෂේත්‍රයක විභවය $V$ වන ලක්ෂ්‍යයක තබන ලද $m$ ස්කන්ධයක විභව ශක්තිය ($E$) සඳහා සමීකරණය කුමක්ද?,$E = mV$ (නැතහොත් $E = -G \frac{Mm}{r}$)
පෘථිවි පෘෂ්ඨය මත ඇති $m$ ස්කන්ධයක බර සහ ගුරුත්වාකර්ෂණ බලය අතර සම්බන්ධය ඇසුරින් $g$ සඳහා ප්‍රකාශනයක් ලබා ගන්න.,$mg = G \frac{Mm}{R^2} \implies g = G \frac{M}{R^2}$
පෘථිවි පෘෂ්ඨය මත $g$ හි අගය පෘථිවි කේන්ද්‍රයේ සිට දුර ($r$) සමග විචලනය වන ප්‍රස්ථාරයේ කේන්ද්‍රයේ සිට පෘෂ්ඨය ($r=R$) දක්වා කොටසේ ස්වභාවය කුමක්ද?,මූල ලක්ෂ්‍යය හරහා යන සරල රේඛාවකි ($g \propto r$).
පෘථිවි පෘෂ්ඨය ආසන්නයේදී $m$ ස්කන්ධයක් $h$ උසකට එසවීමේදී ලැබෙන අමතර විභව ශක්තිය $E = mgh$ ලෙස සැලකිය හැක්කේ කුමන කොන්දේසියක් යටතේද?,$h \ll R$ (එසවූ උස පෘථිවි අරයට වඩා ඉතා කුඩා වීම).
ස්වභාවික චන්ද්‍රිකාවකට උදාහරණයක් දෙන්න.,චන්ද්‍රයා (හඳ).
චන්ද්‍රිකාවක් වෘත්තාකාර කක්ෂයක රඳවා තබා ගැනීමට අවශ්‍ය කේන්ද්‍රාභිසාරී බලය සපයනු ලබන්නේ කුමන බලයකින්ද?,පෘථිවිය සහ චන්ද්‍රිකාව අතර පවතින ගුරුත්වාකර්ෂණ බලය මගින්.
කක්ෂීය අරය $r$ වන චන්ද්‍රිකාවක කක්ෂීය ප්‍රවේගය ($v$) සඳහා ප්‍රකාශනය කුමක්ද?,$v = \sqrt{\frac{GM}{r}}$
චන්ද්‍රිකාවක ආවර්ත කාලය ($T$) සහ කක්ෂීය අරය ($r$) අතර පවතින සම්බන්ධය ලියන්න.,$T = 2\pi \sqrt{\frac{r^3}{GM}}$
පෘථිවි පෘෂ්ඨයට ඉතා ආසන්නව ($r \approx R$) පරිභ්‍රමණය වන චන්ද්‍රිකාවක ප්‍රවේගය සඳහා $g$ හා $R$ ඇසුරින් සමීකරණය කුමක්ද?,$v = \sqrt{gR}$
පෘථිවි පෘෂ්ඨය ආසන්නයේ පරිභ්‍රමණය වන චන්ද්‍රිකාවක දළ ප්‍රවේගය $R = 6.4 \times 10^6 \text{ m}$ සහ $g = 10 \text{ m s}^{-2}$ වන විට කොපමණද?,$8 \text{ km s}^{-1}$ (හෝ $8 \times 10^3 \text{ m s}^{-1}$)
පෘථිවි පෘෂ්ඨය ආසන්නයේ පරිභ්‍රමණය වන චන්ද්‍රිකාවක දළ ආවර්ත කාලය ($T$) මිනිත්තු වලින් සඳහන් කරන්න.,පැය 1 යි මිනිත්තු 24 කි.
කක්ෂගත වී ඇති චන්ද්‍රිකාවක චාලක ශක්තිය ($E_2$) සඳහා ප්‍රකාශනය කුමක්ද?,$E_2 = \frac{1}{2} G \frac{Mm}{r}$
කක්ෂගත වී ඇති චන්ද්‍රිකාවක මුළු ශක්තිය ($E$) සඳහා සමීකරණය කුමක්ද?,$E = -\frac{1}{2} G \frac{Mm}{r}$
භූ ස්ථාවර චන්ද්‍රිකාවක් යනු කුමක්ද?,පෘථිවියේ යම් නිශ්චිත ලක්ෂ්‍යයකට සිරස්ව ඉහළින් සෑමවිටම පවතින ලෙස පෘථිවිය වටා පරිභ්‍රමණය වන චන්ද්‍රිකාවකි.
භූ ස්ථාවර චන්ද්‍රිකාවක ආවර්ත කාලය කොපමණ විය යුතුද?,පැය 24 කි (තත්පර 86400 කි).
භූ ස්ථාවර චන්ද්‍රිකාවක භ්‍රමණ දිශාව කුමක් විය යුතුද?,පෘථිවිය භ්‍රමණය වන දිශාවටම (බටහිර සිට නැගෙනහිරට) විය යුතුය.
භූ ස්ථාවර චන්ද්‍රිකාවක කක්ෂය පිහිටිය යුතු විශේෂිත ස්ථානය කුමක්ද?,පෘථිවියේ සමකය පිහිටි තලයේ.
භූ ස්ථාවර චන්ද්‍රිකාවක කක්ෂීය අරය ($r$) ගණනය කළ විට ලැබෙන අගය කුමක්ද?,$42400 \times 10^3 \text{ m}$ (හෝ $42400 \text{ km}$)
පෘථිවි පෘෂ්ඨයේ සිට භූ ස්ථාවර කක්ෂයට ඇති උස දළ වශයෙන් කොපමණද?,$36000 \text{ km}$ පමණ වේ.
වියෝග ප්‍රවේගය (Escape Velocity) යන්නෙහි අර්ථය කුමක්ද?,වස්තුවක් පෘථිවි පෘෂ්ඨයේ සිට ගුරුත්වාකර්ෂණ බලයෙන් මිදී අනන්තයට යාමට ලබා දිය යුතු අවම ප්‍රවේගයයි.
පෘථිවි පෘෂ්ඨය මත ඇති වස්තුවක මුළු ශක්තිය ශුන්‍ය වන අවස්ථාවේ වස්තුව සතු ප්‍රවේගය _____ ලෙස හැඳින්වේ.,වියෝග ප්‍රවේගය
වියෝග ප්‍රවේගය ($v$) සඳහා $g$ සහ $R$ ඇසුරින් සමීකරණය කුමක්ද?,$v = \sqrt{2gR}$
"වියෝග ප්‍රවේගය සඳහා $G$, $M$ සහ $R$ ඇසුරින් සමීකරණය කුමක්ද?",$v = \sqrt{\frac{2GM}{R}}$
පෘථිවිය සඳහා වියෝග ප්‍රවේගයේ අගය දළ වශයෙන් කොපමණද?,$11.2 \text{ km s}^{-1}$
වස්තුවක වියෝග ප්‍රවේගය කෙරෙහි එම වස්තුවේ ස්කන්ධය බලපාන්නේ කෙසේද?,වියෝග ප්‍රවේගය වස්තුවේ ස්කන්ධය මත රඳා නොපවතී.
පෘථිවි පෘෂ්ඨයේ සිට අනන්තයට ඇති දුරදී ගුරුත්වාකර්ෂණ විභව ශක්තියේ අගය කුමක්ද?,ශුන්‍යය ($0$).
චන්ද්‍රිකාවක චාලක ශක්තිය ($K$) සහ විභව ශක්තිය ($U$) අතර පවතින සම්බන්ධතාවය කුමක්ද?,$K = -\frac{1}{2} U$
ලක්ෂ්‍යමය ස්කන්ධයක සිට දුර ($r$) සමග ගුරුත්වාකර්ෂණ විභවය ($V$) විචලනය වන ප්‍රස්ථාරය පිහිටන්නේ කිනම් චතුරස්‍රයේද?,හතරවන චතුරස්‍රයේ (සෘණ අගයන් ගනී).
පෘථිවි කේන්ද්‍රයේදී ගුරුත්වාකර්ෂණ ක්ෂේත්‍ර තීව්‍රතාවයේ අගය කුමක්ද?,ශුන්‍යය ($0$).
"අනන්තයේ සිට යම් ලක්ෂ්‍යයකට ඒකක ස්කන්ධයක් ගෙන එද්දී සිදුවන කාර්යය $W = -G \frac{M}{r}$ නම්, එම ලක්ෂ්‍යයේ විභවය ($V$) වන්නේ?",$V = -G \frac{M}{r}$
චන්ද්‍රිකාවක ශක්ති සමීකරණයේ මුළු ශක්තිය සෘණ අගයක් ගැනීමෙන් අදහස් වන්නේ කුමක්ද?,චන්ද්‍රිකාව ගුරුත්වාකර්ෂණ ක්ෂේත්‍රයට බැඳී පවතින බවයි (බද්ධ පද්ධතියක් බව).
චන්ද්‍රිකාවක කක්ෂීය ප්‍රවේගය රඳා පවතින්නේ පෘථිවියේ ස්කන්ධය සහ _____ මත පමණි.,කක්ෂීය අරය
පෘථිවි පෘෂ්ඨය මත $g$ හි අගය $9.8 \text{ m s}^{-2}$ ලෙසත් අරය $6.4 \times 10^3 \text{ km}$ ලෙසත් ගත් විට වියෝග ප්‍රවේගය ගණනය කරන ආකාරය පියවරෙන් පියවර දක්වන්න.,$v = \sqrt{2 \times 9.8 \times 6.4 \times 10^6} = \sqrt{125.44 \times 10^6} = 11.2 \times 10^3 \text{ m s}^{-1}$.