ප්‍රකාශ උපකරණයක් වන අන්වීක්ෂය (Microscope) භාවිතා කරනු ලබන ප්‍රධාන කාර්යය කුමක්ද?,ළඟ පිහිටි කුඩා වස්තූන් විශාල කර බැලීම.
ප්‍රක්ෂේප උපකරණයක් හෙවත් දුරේක්ෂයක් (Telescope) භාවිතා කිරීමේ මූලික අරමුණ කුමක්ද?,ඈත පිහිටි විශාල වස්තූන් විශාල කර බැලීම.
දෘෂ්ටි කෝණය (Visual angle) $\alpha$ යනු කුමක්ද?,වස්තුවක් මගින් ඇසේ ප්‍රකාශ මධ්‍යයේ සාදනු ලබන කෝණය.
"දෘෂ්ටි කෝණය ($\alpha$) ඉතා කුඩා වන විට, වස්තුවේ උස $h$ සහ වස්තුවට ඇති දුර $d$ ඇසුරෙන් $\alpha$ සඳහා ලැබෙන ආසන්න සමීකරණය කුමක්ද?",$\alpha = \frac{h}{d}$ (රේඩියන් වලින්).
රේඛීය විශාලනය ($m$) යනු වස්තුවේ උස ($h$) සහ ප්‍රතිබිම්බයේ උස ($h'$) අතර පවතින කුමන අනුපාතයද?,$m = \frac{h'}{h}$.
කෝණික විශාලනය ($M$) අර්ථ දැක්වෙන පොදු සමීකරණය ලියන්න.,$M = \frac{\alpha'}{\alpha}$ (මෙහි $\alpha'$ යනු උපකරණය මගින් ඇස මත සාදන කෝණයයි).
සරල අන්වීක්ෂයක සාමාන්‍ය හුරුකිරීමේදී (ප්‍රතිබිම්බය $D$ දුරින් ඇති විට) විශාලනය ($M$) සඳහා සමීකරණය කුමක්ද?,$M = \frac{D}{f} + 1$.
සරල අන්වීක්ෂයක ප්‍රතිබිම්බය අනන්තයේ සෑදෙන විට විශාලනය ($M$) සෙවීමේ සමීකරණය කුමක්ද?,$M = \frac{D}{f}$.
සංයුක්ත අන්වීක්ෂයක සාමාන්‍ය හුරුකිරීමේදී ($D$ දුරින් ප්‍රතිබිම්බය සෑදෙන විට) විශාලනය සඳහා වන සමීකරණය කුමක්ද?,$M = (\frac{v_o}{f_o} - 1)(\frac{D}{f_e} + 1)$.
සංයුක්ත අන්වීක්ෂයක ප්‍රතිබිම්බය අනන්තයේ සෑදෙන විට විශාලනය ($M$) සඳහා සමීකරණය කුමක්ද?,$M = (\frac{v_o}{f_o} - 1)(\frac{D}{f_e})$.
සාමාන්‍ය දුරේක්ෂයක (Astronomical Telescope) සාමාන්‍ය හුරුකිරීමේදී කෝණික විශාලනය ($M$) සඳහා වන සමීකරණය කුමක්ද?,$M = \frac{f_o}{f_e}$.
සාමාන්‍ය හුරුකිරීමේ පවතින දුරේක්ෂයක කාච අතර පරතරය හෙවත් නළයේ දිග ($L$) සෙවීමේ සමීකරණය ලියන්න.,$L = f_o + f_e$.
සංයුක්ත අන්වීක්ෂයක විශාලනය වැඩි කිරීම සඳහා අවසාන ප්‍රතිබිම්බය _____ ලක්ෂ්‍යයේ සෑදෙන සේ හුරු කළ යුතුය.,අවිදුර (Near point / $D$)
නිරෝගී ඇසක අවිදුර ලක්ෂ්‍යය (Near point) දක්වා පවතින සම්මත දුර ($D$) කොපමණද?,$25\text{ cm}$.
නිරෝගී ඇසක දුර ලක්ෂ්‍යය (Far point) පිහිටා ඇත්තේ කොහේද?,අනන්තයේ.
වස්තුවේ දුර අනුව ඇස් කාචයේ නාභීය දුර වෙනස් කරමින් පැහැදිලි ප්‍රතිබිම්බ ලබා ගැනීමේ හැකියාව හඳුන්වන නම කුමක්ද?,සමවය (Accommodation).
ඇස අනන්තය දෙස බලන විට (දුර බැලීමේදී) ඇස් කාචයේ බලය සහ නාභීය දුර කෙබඳුද?,බලය අවම වන අතර නාභීය දුර උපරිම වේ.
ඇස අවිදුර ලක්ෂ්‍යය දෙස බලන විට (ළඟ බැලීමේදී) ඇස් කාචයේ බලය සහ නාභීය දුර කෙබඳුද?,බලය උපරිම වන අතර නාභීය දුර අවම වේ.
නිරෝගී ඇසක උපරිම නාභීය දුර ඇසේ කුමන මිනුමකට සමාන විය යුතුද?,ඇස් ගෝලයේ විෂ්කම්භයට.
අවිදුර දෘෂ්ටිකත්වය (Short-sightedness) ඇති අයෙකුට පැහැදිලිව නොපෙනෙන්නේ කෙබඳු වස්තූන්ද?,ඈත ඇති වස්තූන්.
"අවිදුර දෘෂ්ටිකත්වය ඇති ඇසක, අනන්තයේ සිට එන සමාන්තර කිරණ ප්‍රතිබිම්බය සාදන්නේ කොහේද?",දෘෂ්ටි විතානයට ඉදිරියෙන්.
අවිදුර දෘෂ්ටිකත්වයට හේතුවන ඇස් ගෝලයේ අසාමාන්‍යතාවය කුමක්ද?,ඇස් ගෝලය දිගින් වැඩි වීම.
අවිදුර දෘෂ්ටිකත්වය නිවැරදි කිරීම සඳහා භාවිතා කරනු ලබන කාච වර්ගය කුමක්ද?,අවතල කාච (Concave lens).
දුර දෘෂ්ටිකත්වය (Long-sightedness) ඇති අයෙකුට පැහැදිලිව නොපෙනෙන්නේ කෙබඳු වස්තූන්ද?,ළඟ ඇති වස්තූන්.
"දුර දෘෂ්ටිකත්වය ඇති ඇසක, ළඟ ඇති වස්තුවක ප්‍රතිබිම්බය සාදන්නේ කොහේද?",දෘෂ්ටි විතානයට පිටුපසින්.
දුර දෘෂ්ටිකත්වයට හේතුවන ඇස් ගෝලයේ අසාමාන්‍යතාවය කුමක්ද?,ඇස් ගෝලය දිගින් අඩු වීම (කෙටි වීම).
දුර දෘෂ්ටිකත්වය නිවැරදි කිරීම සඳහා භාවිතා කරනු ලබන කාච වර්ගය කුමක්ද?,උත්තල කාච (Convex lens).
ඇස් කාචයේ වක්‍රතාවයේ පවතින අක්‍රමිකතාවයක් නිසා ඇසේ සමහර කොටස් නොපෙනී යාම හඳුන්වන නම කුමක්ද?,අසමදෘෂ්ටිකත්වය (Astigmatism).
අසමදෘෂ්ටිකත්වය (Astigmatism) නිවැරදි කිරීම සඳහා භාවිතා කළ යුතු විශේෂ කාච වර්ගය කුමක්ද?,සිලින්ඩරාකාර කාච (Cylindrical lenses).
වයසට යාමත් සමඟ ළඟ ඇති වස්තූන් නොපෙනී යාම (40 ඇඳිරිය) නිවැරදි කිරීමට _____ කාච භාවිතා කරයි.,අභිසාරී / උත්තල (Convex / Converging)
ප්‍රකාශ උපකරණයක අවසාන ප්‍රතිබිම්බය අනන්තයේ සෑදෙන සේ සකස් කිරීම හඳුන්වන තාක්ෂණික නම කුමක්ද?,සාමාන්‍ය හුරුකිරීම (Normal Adjustment).
ඇස වෙහෙස නොවන (Relaxed eye) අවස්ථාවකදී ප්‍රතිබිම්බය පිහිටිය යුත්තේ කොහේද?,අනන්තයේ.
ඇස උපරිම ලෙස වෙහෙසට පත්වන (Strained eye) අවස්ථාවකදී ප්‍රතිබිම්බය පිහිටිය යුත්තේ කොහේද?,අවිදුර ලක්ෂ්‍යයේ ($D$ දුරින්).
සංයුක්ත අන්වීක්ෂයක පවතින කාච දෙක නම් කරන්න.,අවස්තු කාචය (Objective lens) සහ උපනේත්‍රය (Eyepiece).
"දුරේක්ෂයක අවස්තු කාචයේ නාභීය දුර ($f_o$), උපනේත්‍රයේ නාභීය දුරට ($f_e$) වඩා _____ විය යුතුය.",වැඩි
අන්වීක්ෂයක අවස්තු කාචයේ නාභීය දුර ($f_o$) සාපේක්ෂව ඉතා _____ විය යුතුය.,කුඩා
"කෝණික විශාලනය $M = \frac{\alpha'}{\alpha}$ හි, $\alpha$ යනු කුමක්ද?",උපකරණය නොමැතිව පියවි ඇසට වස්තුව පෙනෙන කෝණය.
සංයුක්ත අන්වීක්ෂයක අවස්තු කාචය මගින් සාදනු ලබන පළමු ප්‍රතිබිම්බයේ ස්වභාවය කෙබඳුද?,"තාත්වික, යටිකුරු සහ විශාලිත."
අන්වීක්ෂයක හෝ දුරේක්ෂයක අවසාන ප්‍රතිබිම්බය සෑම විටම වස්තුවට සාපේක්ෂව _____ වේ.,යටිකුරු (Inverted)
සමීකරණ වලදී $D$ මගින් සංකේතවත් කරන්නේ කුමක්ද?,ඇසේ අවිදුර ලක්ෂ්‍යයට ඇති දුර.
"සංයුක්ත අන්වීක්ෂයක මුළු විශාලනය සෙවීමේදී, අවස්තු කාචයේ රේඛීය විශාලනය ($m_o$) සහ උපනේත්‍රයේ කෝණික විශාලනය ($M_e$) අතර සම්බන්ධය කුමක්ද?",$M = m_o \times M_e$.
"අවිදුර දෘෂ්ටිකත්වය ඇති අයෙකුගේ ඇස් කාචයේ නාභීය දුර, නිරෝගී ඇසකට වඩා _____ වේ.",අඩු
"දුර දෘෂ්ටිකත්වය ඇති අයෙකුගේ ඇස් කාචයේ බලය, නිරෝගී ඇසකට වඩා _____ වේ.",අඩු
අසමදෘෂ්ටිකත්වය (Astigmatism) ඇති ඇසකට තිරස් සහ _____ ඉරි එකවර පැහැදිලිව පෙනෙන්නේ නැත.,සිරස් (Vertical)
සරල අන්වීක්ෂයකදී වස්තුව තැබිය යුත්තේ කාචයේ කුමන ස්ථානයකද?,ප්‍රකාශ මධ්‍යය සහ නාභිය ($f$) අතර.
ඇස උපරිම වශයෙන් වෙහෙසෙන විට ඇස් කාචයේ වක්‍රතා අරය _____ වේ.,අවම
"දුරේක්ෂයක අවසාන ප්‍රතිබිම්බය අනන්තයේ පිහිටන විට, උපනේත්‍රය මත වස්තුවක් ලෙස ක්‍රියා කරන පළමු ප්‍රතිබිම්බය පිහිටිය යුත්තේ කොහේද?",උපනේත්‍රයේ නාභිය මත.
"අවස්තු කාචය මගින් සාදන ප්‍රතිබිම්බය උපනේත්‍රයේ නාභීය දුර තුළ පිහිටන විට, අවසාන ප්‍රතිබිම්බය _____ ප්‍රතිබිම්බයක් වේ.",අතාත්වික (Virtual)
සාමාන්‍ය නිරෝගී ඇසක සමවය පරාසය අනන්තයේ සිට _____ දක්වා පැතිර පවතී.,$25\text{ cm}$
"ඇස් ගෝලයේ විෂ්කම්භය වෙනස් නොවී පවතින විට, අවිදුර දෘෂ්ටිකත්වය ඇති වන්නේ ඇස් කාචයේ නාභීය දුර _____ වීම නිසාය.",අඩු