කාර්යය අර්ථ දක්වනු ලබන්නේ කෙසේද?,බලයක් මගින් බලයේ දිශාවට විස්ථාපනයක් සිදු කිරීම කාර්යය ලෙස හැඳින්වේ.
"බලය $F$ ද, බලයේ දිශාවට සිදු වූ විස්ථාපනය $s$ ද නම් සිදු කළ කාර්යය ($W$) සෙවීමේ සූත්‍රය කුමක්ද?",$W = Fs$
බලය හා විස්ථාපනය අතර කෝණය $\theta$ වන විට කාර්යය ($W$) සෙවීමේ සූත්‍රය කුමක්ද?,$W = s \times F \cos \theta$
කාර්යය මැනීමේ SI ඒකකය කුමක්ද?,ජූල් ($J$) හෙවත් නිව්ටන් මීටර ($Nm$)
කාර්යය අදිශ රාශියක් ද දෛශික රාශියක් ද?,අදිශ රාශියකි.
බලය හා විස්ථාපනය එකිනෙකට ලම්බකව පවතින විට සිදු වන කාර්යය කොපමණද?,ශුන්‍යයකි ($0$).
ලම්බක බලයකින් කාර්යයක් සිදු නොවීමට හේතුව කුමක්ද?,බලය හා විස්ථාපනය අතර කෝණය $90^{\circ}$ වන බැවින් $\cos 90^{\circ} = 0$ වීමයි.
$1 \text{ kWh}$ යනු ජූල් ($J$) කීයකට සමානද?,$3.6 \times 10^{6} \text{ J}$
$1 \text{ eV}$ (ඉලෙක්ට්‍රෝන වෝල්ට්) ජූල් වලින් අගය කොපමණද?,$1.6 \times 10^{-19} \text{ J}$
$1 \text{ Cal}$ (කැලරි 1ක්) යනු ජූල් කොපමණද?,$4.2 \text{ J}$
ධන (+) කාර්යයක් සිදු වූ විට වස්තුවක ශක්තියට ($E$) සිදු වන්නේ කුමක්ද?,වස්තුවේ ශක්තිය වැඩි වේ.
වස්තුවක් මගින් යම් බලයකට විරුද්ධව කාර්යය කළ විට එය හඳුන්වන්නේ කුමන කාර්යයක් ලෙසද?,සෘණ (-) කාර්යය.
වස්තුවක් මත සෘණ (-) කාර්යයක් සිදු වූ විට එහි ශක්තියට සිදු වන්නේ කුමක්ද?,වස්තුවේ ශක්තිය අඩු වේ.
බල-විස්ථාපන ($F-s$) ප්‍රස්ථාරයකින් කාර්යය සොයා ගන්නේ කෙසේද?,ප්‍රස්ථාරය සහ $s$ අක්ෂය අතර වර්ගඵලය මගිනි.
ශක්තිය යනු කුමක්ද?,කාර්යය කිරීමේ හැකියාව ශක්තිය ලෙස හැඳින්වේ.
යාන්ත්‍රික ශක්තිය ප්‍රධාන කොටස් දෙකකට බෙදේ. ඒවා මොනවාද?,චාලක ශක්තිය ($E_k$) සහ විභව ශක්තිය ($E_p$).
යාන්ත්‍රික ශක්ති සංස්ථිතිය අනුව $E_p + E_k$ හි අගය කුමක්ද?,එය නියතයකි ($k$).
චාලක ශක්තිය ($E_k$) ඇති වන්නේ වස්තුවක කුමන ලක්ෂණය නිසාද?,වස්තුවේ චලිතය (ප්‍රවේගය) නිසාය.
ස්කන්ධය $m$ හා ප්‍රවේගය $v$ වන වස්තුවක චාලක ශක්තිය ($E_k$) සෙවීමේ සූත්‍රය කුමක්ද?,$E_k = \frac{1}{2} mv^2$
"චාලක ශක්තිය ($E_k$), ගම්‍යතාව ($P$) ඇසුරින් ප්‍රකාශ කරන සූත්‍රය කුමක්ද?",$E_k = \frac{P^2}{2m}$
"චාලක ශක්තිය, ගම්‍යතාව ($P$) සහ ප්‍රවේගය ($V$) ඇසුරින් ලියන්න.",$E_k = \frac{1}{2} PV$
විභව ශක්තිය ($E_p$) ඇති වන්නේ වස්තුවක කුමන ලක්ෂණය නිසාද?,වස්තුවේ පිහිටීම නිසාය.
ගුරුත්වාකර්ෂණ විභව ශක්තිය ($E_p$) සෙවීමේ සූත්‍රය කුමක්ද?,$E_p = mgh$
$E_p = mgh$ සූත්‍රයේ $h$ මගින් අදහස් වන්නේ කුමක්ද?,සම්මත මට්ටමේ සිට ඇති සිරස් උසයි.
ප්‍රත්‍යාස්ථතාවය යනු කුමක්ද?,"බාහිර බලයක් නිසා හැඩය වෙනස් වූ වස්තුවක්, බලය ඉවත් කළ පසු නැවත මුල් හැඩයට පත්වීමේ ගුණයයි."
ප්‍රත්‍යාස්ථ බලය ($F$) සහ විතතිය ($e$) අතර සම්බන්ධය දක්වන හූක් නියමය කුමක්ද?,$F = -ke$
$F = -ke$ සූත්‍රයේ $k$ මගින් හඳුන්වන්නේ කුමක්ද?,ප්‍රත්‍යාස්ථ නියතය (Spring constant).
විතතිය $e$ සහ ප්‍රත්‍යාස්ථ නියතය $k$ ඇසුරින් ප්‍රත්‍යාස්ථ විභව ශක්තිය ($W$) සොයන සූත්‍රය කුමක්ද?,$W = \frac{1}{2} ke^2$
බලය $F$ සහ විතතිය $e$ ඇසුරින් ප්‍රත්‍යාස්ථ විභව ශක්තිය ($W$) සොයන සූත්‍රය කුමක්ද?,$W = \frac{1}{2} Fe$
බලය $F$ සහ ප්‍රත්‍යාස්ථ නියතය $k$ ඇසුරින් ප්‍රත්‍යාස්ථ විභව ශක්තිය ($W$) සොයන සූත්‍රය කුමක්ද?,$W = \frac{1}{2} \frac{F^2}{k}$
බල-විතති ($F-e$) ප්‍රස්ථාරයක අනුක්‍රමණයෙන් ලැබෙන්නේ කුමක්ද?,ප්‍රත්‍යාස්ථ නියතය ($k$).
බල-විතති ($F-e$) ප්‍රස්ථාරයක වර්ගඵලයෙන් ලැබෙන්නේ කුමක්ද?,ගබඩා වන ප්‍රත්‍යාස්ථ විභව ශක්තිය ($E_p$).
නිදහසේ වැටෙන වස්තුවක උස ($h$) සමග මුළු ශක්තිය වෙනස් වන ආකාරය ප්‍රස්ථාරිකව කෙබඳුද?,$h$ අක්ෂයට සමාන්තර තිරස් සරල රේඛාවකි.
නිදහසේ වැටෙන වස්තුවක උස ($h$) සමග විභව ශක්තිය ($E_p$) වෙනස් වන ආකාරය කෙබඳුද?,"මූල ලක්ෂ්‍යය හරහා යන, ධන අනුක්‍රමණයක් සහිත සරල රේඛාවකි."
නිදහසේ වැටෙන වස්තුවක උස ($h$) සමග චාලක ශක්තිය ($E_k$) වෙනස් වන ආකාරය කෙබඳුද?,සෘණ අනුක්‍රමණයක් සහිත සරල රේඛාවකි (උස වැඩිවත්ම චාලක ශක්තිය අඩු වේ).
නිදහසේ වැටෙන වස්තුවක කාලය ($t$) සමග විභව ශක්තිය ($E_p$) වෙනස් වීමේ ප්‍රස්ථාරයේ හැඩය කුමක්ද?,පරාවලයික හැඩයකි (යටට නෙරූ).
නිදහසේ වැටෙන වස්තුවක කාලය ($t$) සමග චාලක ශක්තිය ($E_k$) වෙනස් වීමේ ප්‍රස්ථාරයේ හැඩය කුමක්ද?,මූල ලක්ෂ්‍යයෙන් ආරම්භ වන ඉහළට විවෘත පරාවලයික හැඩයකි.
ක්ෂමතාව යනු කුමක්ද?,කාර්යය කිරීමේ සීඝ්‍රතාවයි.
ක්ෂමතාව ($P$) සෙවීමේ මූලික සූත්‍රය කුමක්ද?,$P = \frac{E}{t}$
ක්ෂමතාව මැනීමේ ඒකක මොනවාද?,"$Js^{-1}$, $W$ (වොට්) හෝ $HP$ (අශ්ව බල)."
වස්තුවක් නියත ප්‍රවේගයෙන් චලනය වන විට ක්ෂමතාව ($P$) සෙවිය හැකි සූත්‍රය කුමක්ද?,$P = Fv$
$P = Fv$ සූත්‍රය භාවිතා කළ හැක්කේ කුමන අවස්ථාවකදීද?,වස්තුවක ත්වරණය ශුන්‍ය වන (නියත ප්‍රවේගයෙන් චලනය වන) අවස්ථාවකදීය.
කාර්යක්ෂමතාව ($\eta$) අර්ථ දක්වන්නේ කෙසේද?,ප්‍රතිදාන ශක්තිය (හෝ කාර්යය) සහ ආදාන ශක්තිය අතර අනුපාතය ප්‍රතිශතයක් ලෙසයි.
කාර්යය ඇසුරින් කාර්යක්ෂමතාව ($\eta$) සෙවීමේ සූත්‍රය කුමක්ද?,$\eta = \frac{\text{ප්‍රයෝජනවත් කාර්යය}}{\text{ලබාදුන් ශක්තිය}} \times 100\%$
ක්ෂමතාව ඇසුරින් කාර්යක්ෂමතාව ($\eta$) සෙවීමේ සූත්‍රය කුමක්ද?,$\eta = \frac{\text{ප්‍රතිදාන ක්ෂමතාව}}{\text{ආදාන ක්ෂමතාව}} \times 100\%$
ශක්ති හානියක් සිදු නොවන පද්ධතියක කාර්යක්ෂමතාව කොපමණද?,$100\%$ කි.
ප්‍රත්‍යාස්ථ සීමාව තුළ $F = -ke$ සමීකරණයේ සෘණ ලකුණෙන් අදහස් වන්නේ කුමක්ද?,ප්‍රත්‍යාස්ථ බලය සැමවිටම විතතිය සිදු වූ දිශාවට විරුද්ධ දිශාවට ක්‍රියා කරන බවයි.
ගුරුත්වාකර්ෂණ විභව ශක්තිය රඳා පවතින සාධක 3 මොනවාද?,"ස්කන්ධය ($m$), ගුරුත්වාකර්ෂණ ත්වරණය ($g$) සහ සිරස් උස ($h$)."
වස්තුවක් මත කාර්යයක් කිරීමට නම් අනිවාර්යයෙන්ම සිදුවිය යුත්තේ කුමක්ද?,බලයක් යෙදිය යුතු අතර එම බලය යෙදූ දිශාවට යම් විස්ථාපනයක් සිදුවිය යුතුය.
ප්‍රවේගය දෙගුණ කළ විට වස්තුවක චාලක ශක්තියට කුමක් සිදු වේද?,එය 4 ගුණයකින් වැඩි වේ ($E_k \propto v^2$).
උස මට්ටම $H$ සිට $h$ දක්වා නිදහසේ වැටෙන වස්තුවක ඕනෑම මොහොතක මුළු ශක්තිය කෙබඳුද?,එය සැමවිටම $mgH$ අගයට සමාන නියතයකි.
"කාර්යය, ශක්තිය සහ ක්ෂමතාව යන තුනෙන් දෛශික රාශිය කුමක්ද?",මේ කිසිවක් දෛශික රාශි නොවේ (සියල්ල අදිශ රාශි වේ).
වස්තුවක් පොළොවට පතිත වන මොහොතේ එහි විභව ශක්තිය කොපමණද?,ශුන්‍යයකි ($0$).
යම් යන්ත්‍රයක කාර්යක්ෂමතාව $100\%$ ට වඩා අඩු වීමට ප්‍රධාන හේතුව කුමක්ද?,ඝර්ෂණය හෝ වෙනත් ආකාරවලින් ශක්තිය හානි වීමයි.