සන්නායක ද්‍රව්‍යයක ඒකක පරිමාවක අඩංගු නිදහස් ඉලෙක්ට්‍රෝන සංඛ්‍යාව දළ වශයෙන් කොපමණද?,$8 \times 10^{22} \text{ cm}^{-3}$ පමණ වේ.
අර්ධ සන්නායක ද්‍රව්‍යයක (උදා: සිලිකන්) කාමර උෂ්ණත්වයේදී නිදහස් ඉලෙක්ට්‍රෝන ඝනත්වය කොපමණද?,$2 \times 10^{10} \text{ cm}^{-3}$ ට වඩා අඩු අගයකි.
සන්නායකයක් තුළ ඉලෙක්ට්‍රෝන ප්‍රවාහය සිදුවන දිශාවට _____ දිශාවට සම්මත විද්‍යුත් ධාරාවේ දිශාව පවතී.,ප්‍රතිවිරුද්ධ
විද්‍යුත් ධාරාව ($I$) අර්ථ දක්වනු ලබන්නේ ආරෝපණ ගලා යාමේ _____ ලෙසයි.,ශීඝ්‍රතාව
ධාරාව මැනීමේ $SI$ ඒකකය වන ඇම්පියරය ($A$) තත්පරයට _____ ($C \text{ s}^{-1}$) වලට සමාන වේ.,කුලෝම
සන්නායකයක් තුළින් ධාරාව ගලා යන විට ඉලෙක්ට්‍රෝනවල සාමාන්‍ය ප්‍රවේගය හඳුන්වන නම කුමක්ද?,ප්ලාවිත ප්‍රවේගය ($v$)
"ධාරාව ($I$), ඉලෙක්ට්‍රෝන ඝනත්වය ($n$), හරස්කඩ වර්ගඵලය ($A$), ප්ලාවිත ප්‍රවේගය ($v$) සහ ආරෝපණය ($e$) අතර සම්බන්ධය කුමක්ද?",$I = nAve$
ධාරා ඝනත්වය ($J$) යනු සන්නායකයක _____ වර්ගඵලයක් හරහා ගලා යන ධාරාවයි.,ඒකක හරස්කඩ
ධාරා ඝනත්වය ($J$) මැනීමේ ඒකකය කුමක්ද?,$A \text{ m}^{-2}$
"ඕම්ගේ නියමය අනුව, උෂ්ණත්වය සහ අනෙකුත් භෞතික සාධක නියතව පවතින විට $V$ සහ $I$ අතර සම්බන්ධය _____ වේ.",අනුලෝම සමානුපාතික ($V \propto I$)
ඕම්ගේ නියමයේ සමානුපාතික නියතය ලෙස හැඳින්වෙන්නේ කුමක්ද?,විද්‍යුත් ප්‍රතිරෝධය ($R$)
"ප්‍රතිරෝධය ($R$) සන්නායකයේ දිග ($l$) ට අනුලෝමවද, හරස්කඩ වර්ගඵලය ($A$) ට _____ ද සමානුපාතික වේ.",ප්‍රතිලෝමව
ප්‍රතිරෝධකතාව ($ho$) යනු ඒකක දිගක් හා ඒකක හරස්කඩ වර්ගඵලයක් ඇති ද්‍රව්‍යයක පවතින _____ වේ.,ප්‍රතිරෝධය
ප්‍රතිරෝධකතාව ($ho$) මැනීමේ ඒකකය කුමක්ද?,ඕම් මීටර් ($\Omega \text{ m}$)
මිශ්‍ර ලෝහවල ප්‍රතිරෝධකතාව ශුද්ධ ලෝහවල ප්‍රතිරෝධකතාවයට වඩා _____ අගයක් ගනී.,වැඩි
සන්නායකයක උෂ්ණත්වය වැඩි වන විට එහි ප්‍රතිරෝධය _____ වේ.,වැඩි
උෂ්ණත්වය සමග ප්‍රතිරෝධය විචලනය වන සමීකරණය $R_{\theta} = R_0(1 + \alpha \theta)$ හි $\alpha$ යනු කුමක්ද?,ප්‍රතිරෝධයේ උෂ්ණත්ව සංගුණකය
පරිවාරක ද්‍රව්‍යවල උෂ්ණත්වය වැඩි කරන විට නිදහස් ඉලෙක්ට්‍රෝන සංඛ්‍යාව වැඩි වීම නිසා එහි ප්‍රතිරෝධය _____ වේ.,අඩු
යම් නිශ්චිත උෂ්ණත්වයකට (අවධි උෂ්ණත්වය) වඩා අඩු වූ විට ද්‍රව්‍යයක ප්‍රතිරෝධය මුළුමනින්ම ශුන්‍ය වීම හඳුන්වන්නේ කෙසේද?,සුපිරි සන්නායකතාව (Superconductivity)
සුපිරි සන්නායකවල ඇති සුවිශේෂී ගුණයක් ලෙස ඒවායේ තාප විද්‍යුත් ගුණ පවතින්නේ _____.,නැත
සන්නායකතාවය සඳහා භාවිතා වන නියෝබියම්-ටින් ($Nb-Sn$) මිශ්‍ර ලෝහයේ අවධි උෂ්ණත්වය කොපමණද?,$9 \text{ K}$
ඕම්ගේ නියමය පිළිපදින සන්නායක _____ ලෙස හැඳින්වේ.,ඕමික සන්නායක
ඩයෝඩයක් ඕමික නොවන සන්නායකයකට උදාහරණයකි. එහි $I - V$ ප්‍රස්ථාරය _____ නොවේ.,සරල රේඛීය
"ශ්‍රේණිගතව සම්බන්ධ කර ඇති $R_1, R_2, R_3$ ප්‍රතිරෝධවල සමක ප්‍රතිරෝධය ($R_s$) සෙවීමේ සූත්‍රය කුමක්ද?",$R_s = R_1 + R_2 + R_3$
සමාන්තරගතව සම්බන්ධ කර ඇති ප්‍රතිරෝධක පද්ධතියක සියලුම ප්‍රතිරෝධක හරහා _____ සමාන අගයක් ගනී.,විභව අන්තරය ($V$)
සමාන්තරගතව පවතින ප්‍රතිරෝධක තුනක සමක ප්‍රතිරෝධය ($R_p$) සෙවීමේ සූත්‍රය කුමක්ද?,$\frac{1}{R_p} = \frac{1}{R_1} + \frac{1}{R_2} + \frac{1}{R_3}$
විභව බෙදුම්කරුවක ($V_{out} = \frac{R_2}{R_1 + R_2} V_{in}$) මෙහෙයුම මගින් සැපයුම් වෝල්ටීයතාවයේ _____ පමණක් ලබාගත හැක.,අවශ්‍ය කොටසක්
ප්‍රතිරෝධකයක් හරහා ධාරාවක් ගලා යන විට උත්පාදනය වන තාප ශක්තිය ($W$) සඳහා වන සමීකරණය (විභවය $V$ සහ ආරෝපණය $Q$ ඇසුරින්) ලියන්න.,$W = QV$ හෝ $W = VIt$
විද්‍යුත් ක්ෂමතාව ($P$) මැනීමේ $SI$ ඒකකය කුමක්ද?,වොට් ($W$) හෝ $J \text{ s}^{-1}$
"ප්‍රතිරෝධකයක් ($R$) හරහා ගලා යන ධාරාව $I$ නම්, එහි ක්ෂමතාව $P$ සෙවීමේ සූත්‍රය කුමක්ද?",$P = I^2 R$ (හෝ $P = VI$ හෝ $P = \frac{V^2}{R}$)
විදුලි බල මණ්ඩලය විසින් පාරිභෝගිකයින්ට විකුණනු ලබන විද්‍යුත් ශක්ති ඒකකයක් හඳුන්වන නම කුමක්ද?,කිලෝවොට් පැය ($kWh$)
එක් කිලෝවොට් පැය ($1 \text{ kWh}$) ඒකකයක් ජූල් ($J$) කීයකට සමානද?,$3.6 \times 10^6 \text{ J}$
සරල කෝෂයක භාවිතා කරන ඉලෙක්ට්‍රෝඩ දෙක කුමක්ද?,තඹ ($Cu$) සහ සින්ක් ($Zn$)
සරල කෝෂයක ඉලෙක්ට්‍රොලයිටය ලෙස භාවිතා කරන්නේ කුමක්ද?,තනුක සල්ෆියුරික් අම්ලය (තනුක $H_2SO_4$)
ඩයිනමෝවකදී සිදු වන ශක්ති පරිවර්තනය කුමක්ද?,යාන්ත්‍රික ශක්තිය විද්‍යුත් ශක්තිය බවට පත් වේ.
විද්‍යුත්ගාමක බලය ($E$) යනු ඒකක ආරෝපණයක් පරිපථය හරහා ගෙන යාමට සැපයිය යුතු _____ ප්‍රමාණයයි.,විද්‍යුත් ශක්ති
විද්‍යුත්ගාමක බලයේ ඒකකය කුමක්ද?,$J \text{ C}^{-1}$ හෝ වෝල්ට් ($V$)
ධාරාව සපයන කෝෂයක් තුළ පවතින ප්‍රතිරෝධය _____ ලෙස හැඳින්වේ.,අභ්‍යන්තර ප්‍රතිරෝධය ($r$)
"විද්‍යුත්ගාමක බලය ($E$), අග්‍රස්ථ විභව අන්තරය ($V$) සහ අභ්‍යන්තර ප්‍රතිරෝධයේ විභව බැස්ම අතර සම්බන්ධය කුමක්ද?",$E = V + Ir$
පරිපථයක් විවෘතව ඇති විට (ධාරාව ගලා නොයන විට) කෝෂයේ අග්‍ර දෙක අතර විභව අන්තරය එහි _____ ට සමාන වේ.,විද්‍යුත්ගාමක බලයට ($E$)
"විද්‍යුත්ගාමක බලය $E_1, E_2$ වන කෝෂ දෙකක් ශ්‍රේණිගතව (එකම දිශාවට) සම්බන්ධ කළ විට සමක විද්‍යුත්ගාමක බලය කොපමණද?",$E = E_1 + E_2$
අභ්‍යන්තර ප්‍රතිරෝධය $r$ බැගින් වූ සමාන කෝෂ $n$ ප්‍රමාණයක් සමාන්තරගතව සම්බන්ධ කළ විට සමක අභ්‍යන්තර ප්‍රතිරෝධය කොපමණද?,$\frac{r}{n}$
"උපරිම ක්ෂමතා සම්ප්‍රේෂණ ප්‍රමේයයට අනුව, බාහිර ප්‍රතිරෝධයකින් උපරිම ක්ෂමතාවයක් ලබා ගැනීමට බාහිර ප්‍රතිරෝධය ($R$) කෝෂයේ _____ ට සමාන විය යුතුය.",අභ්‍යන්තර ප්‍රතිරෝධයට ($r$)
කර්චොෆ්ගේ පළමුවැනි නියමය (සන්ධි නියමය) _____ සංස්ථිති නියමය මත පදනම් වේ.,ආරෝපණ
කර්චොෆ්ගේ දෙවැනි නියමය (විභව නියමය) _____ සංස්ථිති නියමය මත පදනම් වේ.,ශක්ති
කර්චොෆ්ගේ දෙවැනි නියමය ප්‍රකාශ කරන සමීකරණය කුමක්ද?,$\sum E = \sum IR$
මිලිඇමීටරයක් ඇමීටරයක් බවට පත් කිරීම සඳහා එයට _____ උපකරණයක් සම්බන්ධ කළ යුතුය.,සමාන්තරගතව ෂන්ට් ප්‍රතිරෝධකයක් ($S$)
මිලිඇමීටරයක් වෝල්ට්මීටරයක් බවට පත් කිරීම සඳහා එයට _____ උපකරණයක් සම්බන්ධ කළ යුතුය.,ශ්‍රේණිගතව ගුණක ප්‍රතිරෝධකයක් ($R$)
මිලිඇමීටරයක් වෝල්ට්මීටරයක් ලෙස පරිවර්තනය කිරීමේදී භාවිතා වන ගුණක ප්‍රතිරෝධය ඉතා _____ අගයක් විය යුතුය.,ඉහළ (විශාල)
විද්‍යුත් ප්‍රතිරෝධය සෘජුව මැනීම සඳහා භාවිතා කරන ඒකක මෙවලම කුමක්ද?,ඕම් මීටරය (Ohmmeter)
බහු මීටරයක් (Multimeter) මගින් මැනිය හැකි ප්‍රධාන විද්‍යුත් රාශි 3 මොනවාද?,"ධාරාව, විභව අන්තරය සහ ප්‍රතිරෝධය"
වීට්ස්ටන් සේතුවක තුලිත අවස්ථාවේදී ගැල්වනෝමීටරය හරහා ගලා යන ධාරාව _____ වේ.,ශුන්‍ය
"වීට්ස්ටන් සේතුවක ප්‍රතිරෝධක හතර $P, Q, R, S$ නම් තුලිතතාව සඳහා කොන්දේසිය කුමක්ද?",$\frac{P}{Q} = \frac{R}{S}$
මීටර් සේතුවක් භාවිතා කර ප්‍රතිරෝධයක් සෙවීමේදී වඩාත් නිවැරදි අගයක් ලබා ගැනීමට තුලිත ලක්ෂ්‍යය කම්බියේ කොතැනක තිබිය යුතුද?,මධ්‍ය ලක්ෂ්‍යයට ආසන්නව ($50 \text{ cm}$ සීමාවේ)
මීටර් සේතු කම්බිය අග්‍රවලදී ස්පර්ශ වන ලෝහ පටිවල පවතින අමතර ප්‍රතිරෝධය හඳුන්වන්නේ කෙසේද?,අන්ත ශෝධන (End corrections)
විභවමානයක ක්‍රියාකාරිත්වය සඳහා යොදා ගන්නා මූලධර්මය කුමක්ද?,ඒකාකාර කම්බියක් දිගේ විභව බැස්ම එහි දිගට අනුලෝමව සමානුපාතික වීම ($V = kl$)
"විභවමානයකින් කෝෂ දෙකක විද්‍යුත්ගාමක බල ($E_1, E_2$) සැසඳීමේදී ලැබෙන සම්බන්ධතාව කුමක්ද?",$\frac{E_1}{E_2} = \frac{l_1}{l_2}$
"විභවමානය මගින් කෝෂයක අභ්‍යන්තර ප්‍රතිරෝධය ($r$) සෙවීමේ සූත්‍රය ($l_1$ - විවෘත පරිපථ දිග, $l_2$ - බාහිර $R$ ඇති විට දිග) කුමක්ද?",$r = R (\frac{l_1}{l_2} - 1)$
විභවමානයක් වෝල්ට්මීටරයකට වඩා නිවැරදි වීමට හේතුව කුමක්ද?,තුලිත අවස්ථාවේදී එය මනිනු ලබන කෝෂයෙන් ධාරාවක් ලබා නොගැනීම.
චුම්භක ස්‍රාවය ($\Phi$) යනු යම් පෘෂ්ඨයක් හරහා පවතින _____ සංඛ්‍යාව පිළිබඳ මිනුමකි.,චුම්භක බල රේඛා
චුම්භක ස්‍රාවය මැනීමේ ඒකකය කුමක්ද?,වේබර් ($Wb$)
ෆැරඩේ නියමය අනුව ප්‍රේරිත විද්‍යුත්ගාමක බලය ($E$) සමානුපාතික වන්නේ චුම්භක ස්‍රාව බද්ධතාව වෙනස් වීමේ _____ ටයි.,ශීඝ්‍රතාවයට
ප්‍රේරිත විද්‍යුත්ගාමක බලයේ දිශාව තීරණය කිරීමට භාවිතා කරන නියමය කුමක්ද?,ලෙන්ස් නියමය (Lenz's Law)
ලෙන්ස් නියමය _____ සංස්ථිති නියමයට අනුකූල වේ.,ශක්ති
චුම්භක ක්ෂේත්‍රයකට ලම්බකව $v$ ප්‍රවේගයෙන් චලනය වන $l$ දිගැති සන්නායක දණ්ඩක ප්‍රේරිත විද්‍යුත්ගාමක බලය කොපමණද?,$E = Blv$
ප්‍රේරිත ධාරාවේ දිශාව සෙවීමට භාවිතා කරන අත් නියමය කුමක්ද?,ෆ්ලෙමින්ගේ දකුණත් නියමය
ෆ්ලෙමින්ගේ දකුණත් නියමයේ මැදඟිල්ලෙන් නිරූපණය වන්නේ කුමක්ද?,ප්‍රේරිත ධාරාවේ දිශාව
කේන්ද්‍රය වටා $f$ සංඛ්‍යාතයකින් භ්‍රමණය වන $r$ අරය ඇති ලෝහ තැටියක ප්‍රේරිත විද්‍යුත්ගාමක බලය ($E$) කොපමණද?,$E = \pi r^2 B f$
ප්‍රත්‍යාවර්ත ධාරා ජනකයක (Dynamo) උපරිම විද්‍යුත්ගාමක බලය ($E_m$) සෙවීමේ සූත්‍රය කුමක්ද?,$E_m = NBA \omega$
සරල ධාරා ($DC$) ජනකයක ප්‍රත්‍යාවර්ත ධාරාව සරල ධාරාවක් බවට පත් කිරීමට භාවිතා කරන උපාංගය කුමක්ද?,කොමියුටේටරය (Commutator)
පරිණාමකයක (Transformer) ක්‍රියාකාරීත්වය පදනම් වී ඇත්තේ කුමන සංසිද්ධිය මතද?,අන්‍යෝන්‍ය ප්‍රේරණය (Mutual Induction)
ලෝහ කුට්ටියක් වෙනස් වන චුම්භක ක්ෂේත්‍රයක තැබූ විට එහි ඇති වන සංවෘත වක්‍ර ධාරා හඳුන්වන්නේ කෙසේද?,සුළි ධාරා (Eddy Currents)
ප්‍රත්‍යාවර්ත වෝල්ටීයතාවයක වර්ග මධ්‍යන්‍ය මූල ($V_{rms}$) අගය සහ උපරිම අගය ($V_m$) අතර සම්බන්ධය කුමක්ද?,$V_{rms} = \frac{V_m}{\sqrt{2}}$
ශ්‍රී ලංකාවේ ගෘහස්ථ විදුලි සැපයුමේ වර්ග මධ්‍යන්‍ය මූල ($rms$) වෝල්ටීයතාව දළ වශයෙන් කොපමණද?,$230 \text{ V}$ (සටහනේ $240 \text{ V}$ ලෙසද දැක්වේ)
පරිණාමකයක ප්‍රාථමික ($P$) සහ ද්විතීයික ($S$) දඟරවල වෝල්ටීයතාව හා පොටවල් සංඛ්‍යාව ($N$) අතර සම්බන්ධය කුමක්ද?,$\frac{V_s}{V_p} = \frac{N_s}{N_p}$
ප්‍රාථමිකයට වඩා ද්විතීයිකයේ වෝල්ටීයතාව වැඩි කරන පරිණාමකයක් _____ පරිණාමකයක් ලෙස හැඳින්වේ.,අධිකාර (Step-up)
පරිණාමකයක ශක්ති හානියක් සිදු නොවේ නම් (පරිපූර්ණ නම්) ක්ෂමතාවය සඳහා ඇති සම්බන්ධය කුමක්ද?,$V_p I_p = V_s I_s$
පරිණාමක මධ්‍යය (Core) තනි කුට්ටියක් ලෙස නොව තුනී තහඩු එකතු කර (Laminated) සාදන්නේ කුමන හානිය අවම කිරීමටද?,සුළි ධාරා හානිය